{
	"intrinsicParams": {
		"focalLength": [1170.715844934680, 1171.187520635831],
		"radialDistortion": [-0.307988746389209, 0.306018991642171, -0.399322831561060],
		"tangentialDistortion": [0, 0],
		"opticalCenter": [666.4458722117125, 337.6177361054648],
		"imageSize": [720, 1280]
	},
	"homographyMatrix" : [[-385.8318067901118, 388.9605948521144, -1066.680413643983],
						  [-259.0672162173263, -18.801853293784090, -1150.583890428767],
						  [-0.624261607426406, -0.042850738829580, -1.768696681671567]]
}